-- phpMyAdmin SQL Dump
-- version 4.2.11
-- http://www.phpmyadmin.net
--
-- Host: 127.0.0.1
-- Generation Time: Jul 01, 2015 at 10:50 PM
-- Server version: 5.6.21
-- PHP Version: 5.5.19

SET SQL_MODE = "NO_AUTO_VALUE_ON_ZERO";
SET time_zone = "+00:00";


/*!40101 SET @OLD_CHARACTER_SET_CLIENT=@@CHARACTER_SET_CLIENT */;
/*!40101 SET @OLD_CHARACTER_SET_RESULTS=@@CHARACTER_SET_RESULTS */;
/*!40101 SET @OLD_COLLATION_CONNECTION=@@COLLATION_CONNECTION */;
/*!40101 SET NAMES utf8 */;

--
-- Database: `teadb`
--

-- --------------------------------------------------------

--
-- Table structure for table `abbreviation`
--

CREATE TABLE IF NOT EXISTS `abbreviation` (
  `abbreviation` varchar(10) NOT NULL,
  `abbreviation_type` int(11) NOT NULL
) ENGINE=InnoDB DEFAULT CHARSET=latin1;

--
-- Dumping data for table `abbreviation`
--

INSERT INTO `abbreviation` (`abbreviation`, `abbreviation_type`) VALUES
('acu', 1),
('aida', 1),
('act', 2),
('asd', 2),
('crzy', 2),
('4gv', 4),
('ai', 5),
('10q', 6),
('143', 6),
('ac', 6),
('ace', 6),
('ae', 6),
('ais', 6),
('aj', 6),
('ali', 6),
('alol', 6),
('aml', 6),
('aol', 6),
('asap', 6),
('ass', 6),
('atb', 6),
('bal', 6),
('bb', 6),
('bffl', 6),
('bh&h', 6),
('bhak', 6),
('bhap', 6),
('bl', 6),
('blah', 6),
('bs', 6),
('bw', 6),
('cc', 6),
('cg', 6),
('chm', 6),
('csl', 6),
('dil', 6),
('fyi', 6),
('gj', 6),
('ilu', 6),
('jk', 6),
('lamao', 6),
('lamfao', 6),
('lmao', 6),
('lol', 6),
('luv', 6),
('rofl', 6),
('rolf', 6),
('thx', 6),
('tia', 6),
('xoxo', 6),
('2l8', 7),
('4col', 7),
('abm', 7),
('adf', 7),
('afd', 7),
('ba', 7),
('bid', 7),
('bomm', 7),
('dbf', 7),
('imu', 7),
('ad', 9),
('ag', 9),
('aha', 9),
('ap', 9),
('bh', 9),
('bhm', 9),
('di', 9),
('omg', 9);

-- --------------------------------------------------------

--
-- Table structure for table `coefficient`
--

CREATE TABLE IF NOT EXISTS `coefficient` (
  `coefficient` varchar(15) NOT NULL,
  `value` double NOT NULL
) ENGINE=InnoDB DEFAULT CHARSET=latin1;

--
-- Dumping data for table `coefficient`
--

INSERT INTO `coefficient` (`coefficient`, `value`) VALUES
('barely', 0.5),
('certainly', 1.3),
('deeply', 1.3),
('despite', 0.5),
('entirely', 1.6),
('extreme', 2),
('extremely', 2),
('few', 0.5),
('hardly', 0.5),
('immensely', 0.5),
('less', 0.5),
('little', 0.5),
('more', 1.4),
('most', 1.8),
('much', 1.4),
('neither', 0),
('never', 0),
('no', 0),
('nor', 0),
('not', 0),
('nothing', 0),
('significantly', 2),
('slight', 0.5),
('slightly', 0.5),
('so', 1.5),
('very', 1.5);

-- --------------------------------------------------------

--
-- Table structure for table `emo`
--

CREATE TABLE IF NOT EXISTS `emo` (
  `emo` varchar(10) CHARACTER SET latin1 COLLATE latin1_bin NOT NULL,
  `emo_type` int(11) DEFAULT NULL
) ENGINE=InnoDB DEFAULT CHARSET=latin1;

--
-- Dumping data for table `emo`
--

INSERT INTO `emo` (`emo`, `emo_type`) VALUES
('>-:O', 1),
('>:-o', 1),
('>:O', 1),
('>:o', 1),
(':-/', 2),
(':-\\', 2),
(':/', 2),
(':\\', 2),
('>:(', 2),
('>:-(', 2),
(':-S', 3),
('(y)', 6),
('-_-', 6),
('3:)', 6),
('3:-)', 6),
('8)', 6),
('8-)', 6),
('8-|', 6),
('8|', 6),
(':)', 6),
(':*', 6),
(':-)', 6),
(':-*', 6),
(':-D', 6),
(':-]', 6),
(':3', 6),
(':D', 6),
(':]', 6),
(':v', 6),
(':|]', 6),
(';)', 6),
(';-)', 6),
('<3', 6),
('=)', 6),
('=D', 6),
('B)', 6),
('B-)', 6),
('B-|', 6),
('B|', 6),
('O:)', 6),
('O:-)', 6),
('^_^', 6),
(':''(', 7),
(':(', 7),
(':-(', 7),
(':[', 7),
('=(', 7),
(';”>', 8),
(':-O', 9),
(':-o', 9),
(':O', 9),
(':o', 9),
('O.o', 9),
('o.O', 9);

-- --------------------------------------------------------

--
-- Table structure for table `emotion_type`
--

CREATE TABLE IF NOT EXISTS `emotion_type` (
  `emotion_id` int(11) NOT NULL,
  `emotion_name` varchar(10) NOT NULL
) ENGINE=InnoDB DEFAULT CHARSET=latin1;

--
-- Dumping data for table `emotion_type`
--

INSERT INTO `emotion_type` (`emotion_id`, `emotion_name`) VALUES
(0, 'Neutral'),
(1, 'Anger'),
(2, 'Disgust'),
(3, 'Fear'),
(4, 'Guilt'),
(5, 'Interest'),
(6, 'Joy'),
(7, 'Sadness'),
(8, 'Shame'),
(9, 'Surprise'),
(10, 'Mixed');

-- --------------------------------------------------------

--
-- Table structure for table `pos_table`
--

CREATE TABLE IF NOT EXISTS `pos_table` (
  `pos_id` int(11) NOT NULL,
  `pos_name` varchar(15) NOT NULL
) ENGINE=InnoDB DEFAULT CHARSET=latin1;

--
-- Dumping data for table `pos_table`
--

INSERT INTO `pos_table` (`pos_id`, `pos_name`) VALUES
(1, 'Noun'),
(2, 'Adjective'),
(3, 'Verb'),
(4, 'Adverb'),
(5, 'Interjection');

-- --------------------------------------------------------

--
-- Table structure for table `word`
--

CREATE TABLE IF NOT EXISTS `word` (
  `word` varchar(20) NOT NULL,
  `anger` double NOT NULL,
  `disgust` double NOT NULL,
  `fear` double NOT NULL,
  `guilt` double NOT NULL,
  `interest` double NOT NULL,
  `joy` double NOT NULL,
  `sadness` double NOT NULL,
  `shame` double NOT NULL,
  `surprise` double NOT NULL,
  `pos_id` int(11) DEFAULT NULL
) ENGINE=InnoDB DEFAULT CHARSET=latin1;

--
-- Dumping data for table `word`
--

INSERT INTO `word` (`word`, `anger`, `disgust`, `fear`, `guilt`, `interest`, `joy`, `sadness`, `shame`, `surprise`, `pos_id`) VALUES
('abhorrence', 0.2, 0.5, 0, 0, 0, 0, 0.1, 0, 0, 1),
('absorbing', 0, 0, 0, 0, 0.5, 0.3, 0, 0, 0.2, 2),
('afraid', 0, 0, 1, 0, 0, 0, 0.2, 0, 0, 2),
('aggravated', 0.5, 0.5, 0.1, 0, 0, 0, 0.3, 0, 0, 2),
('alarm', 0, 0, 0.5, 0, 0, 0, 0.5, 0, 0, 1),
('alarmed', 0, 0, 0.5, 0, 0, 0, 0.5, 0, 0, 2),
('alarming', 0, 0, 0.5, 0, 0, 0, 0.5, 0, 0, 2),
('alarmingly', 0, 0, 0.5, 0, 0, 0, 0.5, 0, 0, 4),
('amazed', 0, 0, 0, 0, 0.5, 0.6, 0, 0, 0.8, 2),
('amazement', 0, 0, 0, 0, 0.5, 0.6, 0, 0, 0.8, 1),
('amazing', 0, 0, 0, 0, 0, 0, 0, 0, 0.8, 2),
('amazingly', 0, 0, 0, 0, 0, 0, 0, 0, 0.8, 4),
('anger', 1, 0.4, 0, 0, 0, 0, 0.2, 0, 0, 1),
('angrier', 1.4, 0.56, 0, 0, 0, 0, 0.28, 0, 0, 2),
('angriest', 1.8, 0.72, 0, 0, 0, 0, 0.36, 0, 0, 2),
('angrily', 1, 0.4, 0, 0, 0, 0, 0.2, 0, 0, 4),
('angry', 1, 0.4, 0, 0, 0, 0, 0.2, 0, 0, 2),
('annoy', 0.4, 0.6, 0, 0, 0, 0, 0.2, 0, 0, 3),
('annoyance', 0.4, 0.6, 0, 0, 0, 0, 0.2, 0, 0, 1),
('annoyed', 0.4, 0.6, 0, 0, 0, 0, 0.2, 0, 0, 2),
('annoying', 0.4, 0.6, 0, 0, 0, 0, 0.2, 0, 0, 2),
('annoyingly', 0.4, 0.6, 0, 0, 0, 0, 0.2, 0, 0, 4),
('anxiety', 0, 0, 0.6, 0, 0, 0, 0.2, 0, 0, 1),
('anxious', 0, 0, 0.8, 0, 0, 0, 0.6, 0, 0, 2),
('anxiously', 0, 0, 0.8, 0, 0, 0, 0.6, 0, 0, 4),
('appealing', 0, 0, 0, 0, 0.7, 0.6, 0, 0, 0.3, 2),
('ashamed', 0, 0, 0, 0.2, 0, 0, 0.4, 0.9, 0, 2),
('astonish', 0, 0, 0, 0, 0.3, 0.4, 0, 0, 0.8, 3),
('astonished', 0, 0, 0, 0, 0.5, 0.5, 0, 0, 1, 2),
('astonishing', 0, 0, 0, 0, 0.3, 0.4, 0, 0, 0.8, 2),
('astonishingly', 0, 0, 0, 0, 0.3, 0.4, 0, 0, 0.8, 4),
('astonishment', 0, 0, 0, 0, 0.5, 0.5, 0, 0, 1, 1),
('attack', 0, 0, 0.4, 0, 0, 0, 0.5, 0, 0, 3),
('attackable', 0, 0, 0.4, 0, 0, 0, 0.5, 0, 0, 2),
('attacker', 0, 0, 0.4, 0, 0, 0, 0.5, 0, 0, 1),
('attacking', 0, 0, 0.4, 0, 0, 0, 0.5, 0, 0, 2),
('attract', 0, 0, 0, 0, 0.7, 0.7, 0, 0, 0.2, 3),
('attraction', 0, 0, 0, 0, 0.7, 0.7, 0, 0, 0.2, 1),
('attractive', 0, 0, 0, 0, 0.7, 0.7, 0, 0, 0.2, 2),
('attractively', 0, 0, 0, 0, 0.7, 0.7, 0, 0, 0.2, 4),
('awe', 0, 0, 0.4, 0, 0, 0, 0, 0, 0.4, 1),
('awesome', 0, 0, 0, 0, 0.2, 0.7, 0, 0, 0.3, 2),
('awful', 0, 0.8, 0, 0, 0, 0, 0.6, 0, 0, 2),
('awfulness', 0, 0, 0, 0, 0, 0, 0.8, 0, 0, 1),
('awkward', 0, 0.2, 0, 0, 0, 0, 0.5, 0.1, 0, 2),
('awkwardly', 0, 0.2, 0, 0, 0, 0, 0.5, 0.6, 0, 4),
('awkwardness', 0, 0.2, 0, 0, 0, 0, 0.5, 0.6, 0, 1),
('bad', 0, 0, 0, 0, 0, 0, 0.9, 0, 0, 2),
('beautiful', 0, 0, 0, 0, 0.2, 0.6, 0, 0, 0.2, 2),
('beautifully', 0, 0, 0, 0, 0.2, 0.6, 0, 0, 0.2, 4),
('beauty', 0, 0, 0, 0, 0.2, 0.6, 0, 0, 0.2, 1),
('best', 0, 0, 0, 0, 0.55, 1.44, 0, 0, 0.55, 2),
('better', 0, 0, 0, 0, 0.45, 1.1, 0, 0, 0.4, 2),
('bitter', 0.5, 0.5, 0, 0, 0, 0, 0.2, 0, 0, 2),
('bitterly', 0.5, 0.5, 0, 0, 0, 0, 0.2, 0, 0, 4),
('bitterness', 0.5, 0.5, 0, 0, 0, 0, 0.2, 0, 0, 1),
('blame', 0, 0.2, 0, 0.6, 0, 0, 0.2, 0.3, 0, 1),
('blameworthy', 0, 0.2, 0, 0.6, 0, 0, 0.2, 0.3, 0, 2),
('blue', 0, 0, 0, 0, 0, 0, 0.6, 0, 0, 2),
('blushing', 0, 0, 0, 0, 0, 0, 0, 0.5, 0, 2),
('bombshell', 0, 0, 0, 0, 0.3, 0.4, 0.4, 0, 0.6, 1),
('bore', 0.1, 0.8, 0, 0, 0, 0, 0.5, 0, 0, 1),
('bored', 0.1, 0.8, 0, 0, 0, 0, 0.5, 0, 0, 2),
('boring', 0.1, 0.8, 0, 0, 0, 0, 0.5, 0, 0, 2),
('boringly', 0.1, 0.8, 0, 0, 0, 0, 0.5, 0, 0, 4),
('break', 0.2, 0.2, 0, 0, 0, 0, 0.6, 0, 0, 3),
('brilliant', 0, 0, 0, 0, 0, 0.5, 0, 0, 0, 2),
('brilliantly', 0, 0, 0, 0, 0, 0.5, 0, 0, 0, 4),
('brilliantness', 0, 0, 0, 0, 0, 0.5, 0, 0, 0, 1),
('captivate', 0, 0, 0, 0, 0.5, 0.3, 0, 0, 0.2, 3),
('captivating', 0, 0, 0, 0, 0.5, 0.3, 0, 0, 0.2, 2),
('charm', 0, 0, 0, 0, 0.5, 0.6, 0, 0, 0.2, 1),
('charming', 0, 0, 0, 0, 0.5, 0.6, 0, 0, 0.2, 2),
('charmingly', 0, 0, 0, 0, 0.5, 0.6, 0, 0, 0.2, 4),
('cheat', 0.4, 0.3, 0, 0, 0, 0, 0.6, 0, 0, 3),
('cheated', 0.4, 0.3, 0, 0, 0, 0, 0.6, 0, 0, 2),
('cheer', 0, 0, 0, 0, 0.2, 0.7, 0, 0, 0.1, 3),
('cheerful', 0, 0, 0, 0, 0.2, 0.7, 0, 0, 0.1, 2),
('cheerfully', 0, 0, 0, 0, 0.2, 0.7, 0, 0, 0.1, 4),
('cheerfulness', 0, 0, 0, 0, 0.5, 0.6, 0, 0, 0.1, 1),
('cool', 0, 0, 0, 0, 0.2, 0.6, 0, 0, 0, 2),
('cooler', 0, 0, 0, 0, 0.2, 0.6, 0, 0, 0, 2),
('coolest', 0, 0, 0, 0, 0.2, 0.6, 0, 0, 0, 2),
('cruel', 0.3, 0, 0, 0, 0, 0, 0.7, 0, 0, 2),
('cry', 0, 0, 0, 0, 0, 0, 0.6, 0, 0, 3),
('culpability', 0, 0.2, 0, 0.7, 0, 0, 0.5, 0.3, 0, 1),
('culpable', 0, 0.2, 0, 0.7, 0, 0, 0.5, 0.3, 0, 2),
('culpably', 0, 0.2, 0, 0.7, 0, 0, 0.5, 0.3, 0, 4),
('curiosity', 0, 0, 0, 0, 1, 0.3, 0, 0, 0.4, 1),
('curious', 0, 0, 0, 0, 1, 0.3, 0, 0, 0.4, 2),
('curiously', 0, 0, 0, 0, 1, 0.3, 0, 0, 0.4, 4),
('cute', 0, 0, 0, 0, 0.3, 0.8, 0, 0, 0.1, 2),
('damage', 0, 0, 0, 0, 0, 0, 0.4, 0, 0, 3),
('damaged', 0, 0, 0, 0, 0, 0, 0.4, 0, 0, 2),
('danger', 0, 0, 0.7, 0, 0, 0, 0.2, 0, 0, 1),
('dangerous', 0, 0, 0.7, 0, 0, 0, 0, 0, 0, 2),
('dangerously', 0, 0, 0.7, 0, 0, 0, 0, 0, 0, 4),
('dear', 0, 0, 0, 0, 0, 0.7, 0, 0, 0, 2),
('deject', 0, 0, 0.1, 0, 0, 0, 0.8, 0, 0, 3),
('dejected', 0, 0, 0.1, 0, 0, 0, 0.8, 0, 0, 2),
('dejectedly', 0, 0, 0.1, 0, 0, 0, 0.8, 0, 0, 4),
('dejection', 0, 0, 0.1, 0, 0, 0, 0.8, 0, 0, 1),
('delighted', 0, 0, 0, 0, 0.2, 0.8, 0, 0, 0.1, 2),
('delightedly', 0, 0, 0, 0, 0.2, 0.8, 0, 0, 0.1, 4),
('deplorable', 0, 0, 0, 0, 0, 0, 0.6, 0, 0, 2),
('deplorably', 0, 0, 0, 0, 0, 0, 0.6, 0, 0, 4),
('depression', 0, 0, 0.1, 0, 0, 0, 0.9, 0, 0, 1),
('despair', 0, 0, 0.1, 0, 0, 0, 0.8, 0, 0, 1),
('desperate', 0, 0, 0.4, 0, 0, 0, 0.2, 0, 0, 2),
('destroy', 0, 0, 0, 0, 0, 0, 0.6, 0, 0, 3),
('destroyed', 0, 0, 0, 0, 0, 0, 0.6, 0, 0, 2),
('detestation', 0.1, 0.5, 0, 0, 0, 0, 0.2, 0, 0, 1),
('disappoint', 0.3, 0.4, 0, 0, 0, 0, 0.8, 0, 0, 3),
('disappointed', 0.3, 0.4, 0, 0, 0, 0, 0.8, 0, 0, 2),
('disappointing', 0.3, 0.4, 0, 0, 0, 0, 0.8, 0, 0, 2),
('disappointingly', 0.3, 0.4, 0, 0, 0, 0, 0.8, 0, 0, 4),
('disbelief', 0, 0, 0, 0, 0, 0, 0, 0, 0.9, 1),
('discomfit', 0.1, 0, 0, 0, 0, 0, 0.7, 0.3, 0, 3),
('disgrace', 0.2, 0.3, 0, 0, 0, 0, 0.8, 0.4, 0, 1),
('disgraceful', 0.2, 0.3, 0, 0, 0, 0, 0.8, 0.4, 0, 2),
('disgracefully', 0.2, 0.3, 0, 0, 0, 0, 0.8, 0.4, 0, 4),
('disgust', 0.2, 1, 0, 0, 0, 0, 0.2, 0, 0, 1),
('disgusted', 0.2, 1, 0, 0, 0, 0, 0.2, 0, 0, 2),
('disgustedly', 0.2, 1, 0, 0, 0, 0, 0.2, 0, 0, 4),
('disgusting', 0.2, 1, 0, 0, 0, 0, 0.2, 0, 0, 2),
('disgustingly', 0.2, 1, 0, 0, 0, 0, 0.2, 0, 0, 4),
('dishonourable', 0.1, 0.1, 0, 0.3, 0, 0, 0.6, 0.4, 0, 2),
('dismay', 0, 0, 0, 0, 0, 0, 0.8, 0, 0, 1),
('dismayed', 0, 0, 0, 0, 0, 0, 0.8, 0, 0, 2),
('displease', 0.1, 0.3, 0.2, 0, 0, 0, 0.6, 0, 0, 3),
('displeased', 0.4, 0.2, 0, 0, 0, 0, 0.6, 0, 0, 2),
('displeasure', 0.4, 0.2, 0, 0, 0, 0, 0.6, 0, 0, 1),
('dissatisfaction', 0.4, 0.2, 0, 0, 0, 0, 0.6, 0, 0, 1),
('dissatisfied', 0.4, 0.2, 0, 0, 0, 0, 0.6, 0, 0, 2),
('distaste', 0.1, 0.2, 0, 0, 0, 0, 0.7, 0, 0, 1),
('distasteful', 0.1, 0.2, 0, 0, 0, 0, 0.7, 0, 0, 2),
('distastefully', 0.1, 0.2, 0, 0, 0, 0, 0.7, 0, 0, 4),
('distastefulness', 0.1, 0.2, 0, 0, 0, 0, 0.7, 0, 0, 1),
('distress', 0, 0, 0, 0, 0, 0, 0.6, 0, 0, 1),
('distressed', 0, 0, 0, 0, 0, 0, 0.6, 0, 0, 2),
('distressingly', 0, 0, 0, 0, 0, 0, 0.6, 0, 0, 4),
('disturbing', 0.1, 0.3, 0.2, 0, 0, 0, 0.6, 0, 0, 2),
('disturbingly', 0.1, 0.3, 0.2, 0, 0, 0, 0.6, 0, 0, 4),
('doleful', 0, 0, 0, 0, 0, 0, 0.8, 0, 0, 2),
('dolefully', 0, 0, 0, 0, 0, 0, 0.8, 0, 0, 4),
('dread', 0, 0, 0.8, 0, 0, 0, 0.2, 0, 0, 3),
('eager', 0, 0, 0, 0, 0.5, 0.3, 0, 0, 0.2, 2),
('eagerly', 0, 0, 0, 0, 0.5, 0.3, 0, 0, 0.2, 4),
('eagerness', 0, 0, 0, 0, 0.5, 0.3, 0, 0, 0.2, 1),
('ebullience', 0, 0, 0, 0, 0.1, 0.7, 0, 0, 0.1, 1),
('ebullient', 0, 0, 0, 0, 0.1, 0.7, 0, 0, 0.1, 2),
('ebulliently', 0, 0, 0, 0, 0.1, 0.7, 0, 0, 0.1, 4),
('elated', 0, 0, 0, 0, 0.3, 1, 0, 0, 0.1, 2),
('embarrassed', 0.1, 0.2, 0, 0.2, 0, 0, 0.7, 1, 0, 2),
('embarrassing', 0.1, 0.2, 0, 0.2, 0, 0, 0.7, 1, 0, 2),
('embarrassingly', 0.1, 0.2, 0, 0.2, 0, 0, 0.7, 1, 0, 4),
('embarrassment', 0.1, 0.2, 0, 0.2, 0, 0, 0.7, 0.8, 0, 1),
('enjoy', 0, 0, 0, 0, 0, 1, 0, 0, 0, 3),
('enjoyable', 0, 0, 0, 0, 0, 1, 0, 0, 0, 2),
('enjoyer', 0, 0, 0, 0, 0, 1, 0, 0, 0, 1),
('enjoyingly', 0, 0, 0, 0, 0, 1, 0, 0, 0, 4),
('enjoyment', 0, 0, 0, 0, 0.2, 0.6, 0, 0, 0.1, 1),
('entertainment', 0, 0, 0, 0, 0.2, 0.6, 0, 0, 0.1, 1),
('enthuse', 0, 0, 0, 0, 0.5, 0.6, 0, 0, 0.2, 3),
('enthusiastic', 0, 0, 0, 0, 0.5, 0.6, 0, 0, 0.2, 2),
('enthusiastically', 0, 0, 0, 0, 0.5, 0.6, 0, 0, 0.2, 4),
('exasperate', 0.5, 0.6, 0, 0, 0, 0, 0.1, 0, 0, 3),
('exasperated', 0.5, 0.6, 0, 0, 0, 0, 0.1, 0, 0, 2),
('exasperatedly', 0.4, 0.6, 0, 0, 0, 0, 0.2, 0, 0, 4),
('exasperating', 0.5, 0.6, 0, 0, 0, 0, 0.1, 0, 0, 2),
('exasperatingly', 0.4, 0.6, 0, 0, 0, 0, 0.2, 0, 0, 4),
('exasperation', 0.7, 0.4, 0, 0, 0, 0, 0.2, 0, 0, 1),
('excited', 0, 0, 0, 0, 0.4, 0.6, 0, 0, 0.2, 2),
('excitedly', 0, 0, 0, 0, 0.4, 0.6, 0, 0, 0.2, 4),
('fabulousness', 0, 0, 0, 0, 0.3, 0.5, 0, 0, 0.8, 1),
('fascinate', 0, 0, 0, 0, 0.8, 0.3, 0, 0, 0.4, 3),
('fascinating', 0, 0, 0, 0, 0.8, 0.3, 0, 0, 0.4, 2),
('fault', 0, 0.2, 0, 0.6, 0, 0, 0.2, 0.3, 0, 1),
('fear', 0, 0, 0.8, 0, 0, 0, 0.2, 0, 0, 1),
('fearful', 0, 0, 0.8, 0, 0, 0, 0.2, 0, 0, 2),
('fearfully', 0, 0, 0.8, 0, 0, 0, 0.2, 0, 0, 4),
('fearfulness', 0, 0, 0.8, 0, 0, 0, 0.2, 0, 0, 1),
('fine', 0, 0, 0, 0, 0.4, 0.8, 0, 0, 0.2, 2),
('flushed', 0.1, 0.2, 0, 0.1, 0, 0, 0, 0.8, 0, 2),
('fortunate', 0, 0, 0, 0, 0, 0.6, 0, 0, 0, 2),
('fortunately', 0, 0, 0, 0, 0, 0.6, 0, 0, 0, 4),
('fright', 0, 0, 0.8, 0, 0, 0, 0.4, 0, 0, 1),
('frighten', 0, 0, 0.8, 0, 0, 0, 0.4, 0, 0, 3),
('frightened', 0, 0, 0.8, 0, 0, 0, 0.4, 0, 0, 2),
('frightening', 0, 0, 0.8, 0, 0, 0, 0.4, 0, 0, 2),
('frighteningly', 0, 0, 0.8, 0, 0, 0, 0.4, 0, 0, 4),
('frustrated', 0.2, 0, 0, 0, 0, 0, 0.7, 0, 0, 2),
('fun', 0, 0, 0, 0, 0.5, 0.8, 0, 0, 0, 1),
('furious', 1, 0.3, 0, 0, 0, 0, 0.2, 0, 0, 2),
('furiousness', 1, 0.3, 0, 0, 0, 0, 0.2, 0, 0, 1),
('furiousy', 1, 0.3, 0, 0, 0, 0, 0.2, 0, 0, 4),
('gift', 0, 0, 0, 0, 0.3, 0.6, 0, 0, 0.5, 1),
('glad', 0, 0, 0, 0, 0.2, 0.8, 0, 0, 0.1, 2),
('glader', 0, 0, 0, 0, 0.28, 0.8, 0, 0, 0.14, 2),
('gladest', 0, 0, 0, 0, 0.36, 1.44, 0, 0, 0.18, 2),
('gladly', 0, 0, 0, 0, 0.5, 0.6, 0, 0, 0.1, 4),
('gladness', 0, 0, 0, 0, 0.5, 0.6, 0, 0, 0.1, 1),
('gloom', 0, 0, 0, 0, 0, 0, 0.8, 0, 0, 1),
('gloomier', 0, 0.28, 0, 0, 0, 0, 0.8, 0, 0, 2),
('gloomiest', 0, 0.36, 0, 0, 0, 0, 1.44, 0, 0, 2),
('gloomily', 0, 0.2, 0, 0, 0, 0, 0.8, 0, 0, 4),
('gloomy', 0, 0.2, 0, 0, 0, 0, 0.8, 0, 0, 2),
('good', 0, 0, 0, 0, 0.3, 0.8, 0, 0, 0.3, 2),
('great', 0, 0, 0, 0, 0.3, 0.8, 0, 0, 0.5, 2),
('grief', 0, 0, 0, 0, 0, 0, 0.8, 0, 0, 2),
('grin', 0, 0, 0, 0, 0.2, 0.6, 0, 0, 0, 2),
('gripping', 0, 0, 0, 0, 0.7, 0.7, 0, 0, 0.2, 2),
('guilt', 0, 0.2, 0, 1, 0, 0, 0.5, 0.3, 0, 1),
('guiltier', 0, 0.28, 0, 1.4, 0, 0, 0.5, 0.42, 0, 2),
('guiltiest', 0, 0.36, 0, 1.8, 0, 0, 0.9, 0.54, 0, 2),
('guiltily', 0, 0.2, 0, 1, 0, 0, 0.5, 0.3, 0, 4),
('guiltiness', 0, 0.2, 0, 1, 0, 0, 0.5, 0.3, 0, 1),
('guilty', 0, 0.2, 0, 1, 0, 0, 0.5, 0.3, 0, 2),
('handsome', 0, 0, 0, 0, 0, 0.2, 0, 0, 0, 2),
('happier', 0, 0, 0, 0, 0.14, 1.4, 0, 0, 0.14, 2),
('happiest', 0, 0, 0, 0, 0.18, 1.8, 0, 0, 0.18, 2),
('happily', 0, 0, 0, 0, 0.1, 1, 0, 0, 0.1, 4),
('happiness', 0, 0, 0, 0, 0.1, 1, 0, 0, 0.1, 1),
('happy', 0, 0, 0, 0, 0.1, 1, 0, 0, 0.1, 2),
('hate', 0, 0, 0, 0, 0, 0, 0.8, 0, 0, 1),
('hated', 0.4, 0.6, 0, 0, 0, 0, 0.2, 0, 0, 2),
('hateful', 0, 0.3, 0, 0, 0, 0, 0.8, 0, 0, 2),
('headaches', 0, 0, 0, 0, 0, 0, 0.5, 0, 0, 2),
('hope', 0, 0, 0, 0, 0.2, 0.6, 0, 0, 0.2, 3),
('hoped', 0, 0, 0, 0, 0.2, 0.6, 0, 0, 0.2, 1),
('hopeful', 0, 0, 0, 0, 0.2, 0.6, 0, 0, 0.2, 2),
('hopefully', 0, 0, 0, 0, 0.2, 0.6, 0, 0, 0.2, 4),
('horrible', 0, 0, 0.8, 0, 0, 0, 0.4, 0, 0, 2),
('horribly', 0, 0, 0.8, 0, 0, 0, 0.4, 0, 0, 4),
('horrific', 0, 0, 0.6, 0, 0, 0, 0.6, 0, 0, 2),
('horrifically', 0, 0, 0.8, 0, 0, 0, 0.8, 0, 0, 4),
('horror', 0, 0, 0.8, 0, 0, 0, 0.4, 0, 0, 1),
('humiliate', 0.1, 0.2, 0, 0.3, 0, 0, 0.7, 0.9, 0, 3),
('humiliation', 0.1, 0.2, 0, 0.3, 0, 0, 0.7, 0.9, 0, 1),
('hunger', 0.1, 0.2, 0, 0, 0, 0, 0.5, 0, 0, 4),
('hungry', 0.1, 0.2, 0, 0, 0, 0, 0.5, 0, 0, 4),
('ignoble', 0.1, 0.2, 0, 0.1, 0, 0, 0, 0.6, 0, 2),
('ignobly', 0.1, 0.2, 0, 0.1, 0, 0, 0, 0.6, 0, 4),
('ignominy', 0.1, 0.2, 0, 0.1, 0, 0, 0.1, 0.6, 0, 1),
('impressed', 0, 0, 0, 0, 0.5, 0.6, 0, 0, 0.8, 2),
('impressively', 0, 0, 0, 0, 0.5, 0.6, 0, 0, 0.8, 4),
('incredulity', 0, 0, 0, 0, 0.3, 0.2, 0, 0, 0.6, 1),
('incredulous', 0, 0, 0, 0, 0.3, 0.2, 0, 0, 0.6, 2),
('incredulously', 0, 0, 0, 0, 0.3, 0.2, 0, 0, 0.6, 4),
('indignant', 0.8, 0.4, 0, 0, 0, 0, 0.2, 0, 0, 2),
('indignantly', 0.8, 0.4, 0, 0, 0, 0, 0.2, 0, 0, 4),
('indignation', 0.8, 0.4, 0, 0, 0, 0, 0.2, 0, 0, 1),
('infamy', 0.1, 0.2, 0, 0.2, 0, 0, 0.7, 0, 0, 1),
('injure', 0, 0, 0, 0, 0, 0, 0.6, 0, 0, 3),
('injured', 0, 0, 0, 0, 0, 0, 0.6, 0, 0, 2),
('insult', 0.4, 0.4, 0, 0.2, 0, 0, 0.8, 0, 0, 3),
('insulted', 0.4, 0.4, 0, 0.2, 0, 0, 0.8, 0, 0, 2),
('interest', 0, 0, 0, 0, 1, 0.3, 0, 0, 0.4, 1),
('interesting', 0, 0, 0, 0, 1, 0.3, 0, 0, 0.4, 2),
('interestingly', 0, 0, 0, 0, 1, 0.3, 0, 0, 0.4, 4),
('intimidate', 0, 0, 0.5, 0, 0, 0, 0.4, 0, 0, 3),
('intimidated', 0, 0, 0.5, 0, 0, 0, 0.4, 0, 0, 2),
('irate', 0.4, 0.6, 0, 0, 0, 0, 0.2, 0, 0, 2),
('irritate', 0.4, 0.6, 0, 0, 0, 0, 0.2, 0, 0, 3),
('irritated', 0.4, 0.6, 0, 0, 0, 0, 0.2, 0, 0, 2),
('irritating', 0.4, 0.6, 0, 0, 0, 0, 0.2, 0, 0, 2),
('irritatingly', 0.4, 0.6, 0, 0, 0, 0, 0.2, 0, 0, 4),
('irritation', 0.4, 0.6, 0, 0, 0, 0, 0.2, 0, 0, 1),
('jolly', 0, 0, 0, 0, 0.2, 0.7, 0, 0, 0.1, 2),
('joy', 0, 0, 0, 0, 0.1, 1, 0, 0, 0.1, 1),
('joyful', 0, 0, 0, 0, 0.1, 1, 0, 0, 0.1, 2),
('joyfully', 0, 0, 0, 0, 0.1, 1, 0, 0, 0.1, 4),
('joyous', 0, 0, 0, 0, 0.1, 1, 0, 0, 0.1, 2),
('joyously', 0, 0, 0, 0, 0.1, 1, 0, 0, 0.1, 4),
('jubilantly', 0, 0, 0, 0, 0.1, 1, 0, 0, 0.1, 4),
('jubilation', 0, 0, 0, 0, 0.1, 1, 0, 0, 0.1, 1),
('keen', 0, 0, 0, 0, 0.8, 0.3, 0, 0, 0.4, 2),
('keener', 0, 0, 0, 0, 0.8, 0.42, 0, 0, 0.56, 2),
('keenest', 0, 0, 0, 0, 1.44, 0.54, 0, 0, 0.72, 2),
('keenly', 0, 0, 0, 0, 0.8, 0.3, 0, 0, 0.4, 4),
('liability', 0, 0.2, 0, 0.4, 0, 0, 0.2, 0.3, 0, 1),
('liable', 0, 0.2, 0, 0.4, 0, 0, 0.2, 0.3, 0, 2),
('loathe', 0.2, 0.6, 0, 0, 0, 0, 0.1, 0, 0, 3),
('loathing', 0.2, 0.6, 0, 0, 0, 0, 0.1, 0, 0, 1),
('lonely', 0, 0, 0, 0, 0, 0, 0.8, 0, 0, 4),
('love', 0, 0, 0, 0, 0.4, 0.6, 0, 0, 0.1, 1),
('lovely', 0, 0, 0, 0, 0.4, 0.6, 0, 0, 0.1, 4),
('luck', 0, 0, 0, 0, 0, 0.7, 0, 0, 0, 1),
('luckier', 0, 0, 0, 0, 0, 0.7, 0, 0, 0, 2),
('luckiest', 0, 0, 0, 0, 0, 0.7, 0, 0, 0, 2),
('luckily', 0, 0, 0, 0, 0, 0.7, 0, 0, 0, 4),
('lucky', 0, 0, 0, 0, 0, 0.7, 0, 0, 0, 2),
('mad', 0.7, 0, 0, 0, 0, 0, 0.6, 0, 0, 2),
('madder', 0.7, 0, 0, 0, 0, 0, 0.6, 0, 0, 2),
('maddest', 0.7, 0, 0, 0, 0, 0, 0.6, 0, 0, 2),
('marvellous', 0, 0, 0, 0, 0.3, 0.8, 0, 0, 0.6, 2),
('marvellously', 0, 0, 0, 0, 0.4, 0.8, 0, 0, 0.6, 4),
('merrier', 0, 0, 0, 0, 0.28, 0.8, 0, 0, 0.14, 2),
('merriest', 0, 0, 0, 0, 0.36, 1.44, 0, 0, 0.18, 2),
('merry', 0, 0, 0, 0, 0.2, 0.8, 0, 0, 0.1, 2),
('miracle', 0, 0, 0, 0, 0, 0.6, 0, 0, 1, 2),
('misbehave', 0.3, 0.4, 0, 0.3, 0, 0, 0.5, 0.2, 0, 3),
('misbehaviour', 0.3, 0.4, 0, 0.3, 0, 0, 0.5, 0.2, 0, 1),
('misconduct', 0.3, 0.4, 0, 0.3, 0, 0, 0.5, 0.2, 0, 1),
('misery', 0, 0, 0, 0, 0, 0, 1, 0, 0, 1),
('misfortune', 0, 0, 0, 0, 0, 0, 0.6, 0, 0, 1),
('mortification', 0.1, 0.2, 0, 0.2, 0, 0, 0.7, 0.7, 0, 1),
('mourn', 0, 0, 0, 0, 0, 0, 0.8, 0, 0, 3),
('mournful', 0, 0, 0, 0, 0, 0, 0.8, 0, 0, 2),
('mournfully', 0, 0, 0, 0, 0, 0, 0.8, 0, 0, 4),
('mournfulness', 0, 0, 0, 0, 0, 0, 0.8, 0, 0, 1),
('nastier', 0.14, 0.56, 0.28, 0, 0, 0, 0.98, 0, 0, 2),
('nastiest', 0.1, 0.72, 0.36, 0, 0, 0, 1.26, 0, 0, 2),
('nastily', 0.1, 0.4, 0.2, 0, 0, 0, 0.7, 0, 0, 4),
('nastiness', 0.1, 0.4, 0.2, 0, 0, 0, 0.7, 0, 0, 1),
('nasty', 0.1, 0.4, 0.2, 0, 0, 0, 0.7, 0, 0, 2),
('neglect', 0, 0, 0, 0, 0, 0, 0.6, 0, 0, 3),
('neglected', 0, 0, 0, 0, 0, 0, 0.6, 0, 0, 2),
('nice', 0, 0, 0, 0, 0.2, 0.6, 0, 0, 0, 2),
('nicer', 0, 0, 0, 0, 0.2, 0.6, 0, 0, 0, 2),
('nicest', 0, 0, 0, 0, 0.2, 0.6, 0, 0, 0, 2),
('obnoxious', 0.3, 0.5, 0, 0, 0, 0, 0.7, 0, 0, 2),
('obnoxiously', 0.3, 0.5, 0, 0, 0, 0, 0.7, 0, 0, 4),
('obnoxiousness', 0.3, 0.5, 0, 0, 0, 0, 0.7, 0, 0, 1),
('odious', 0.3, 0.5, 0, 0, 0, 0, 0.7, 0, 0, 2),
('odium', 0.3, 0.5, 0, 0, 0, 0, 0.7, 0, 0, 1),
('ok', 0, 0, 0, 0, 0, 0.5, 0, 0, 0, 1),
('pain', 0, 0, 0, 0, 0, 0, 0.8, 0, 0, 3),
('painful', 0, 0, 0, 0, 0, 0, 0.8, 0, 0, 2),
('painfully', 0, 0, 0, 0, 0, 0, 0.8, 0, 0, 4),
('panic', 0, 0, 0.7, 0, 0, 0, 0.4, 0, 0, 1),
('panicky', 0, 0, 0.7, 0, 0, 0, 0.4, 0, 0, 2),
('petrified', 0, 0, 0.8, 0, 0, 0, 0.4, 0, 0, 2),
('petrify', 0, 0, 0.8, 0, 0, 0, 0.4, 0, 0, 3),
('pique', 0.5, 0.2, 0, 0, 0, 0, 0.4, 0, 0, 1),
('piqued', 0.5, 0.2, 0, 0, 0, 0, 0.4, 0, 0, 2),
('pleasant', 0, 0, 0, 0, 0.2, 0.6, 0, 0, 0.2, 2),
('pleasantly', 0, 0, 0, 0, 0.2, 0.6, 0, 0, 0.2, 4),
('pleased', 0, 0, 0, 0, 0.2, 0.7, 0, 0, 0.1, 2),
('pleasurable', 0, 0, 0, 0, 0.2, 0.6, 0, 0, 0.2, 2),
('pleasure', 0, 0, 0, 0, 0.2, 0.6, 0, 0, 0.2, 1),
('prettier', 0, 0, 0, 0, 0.2, 0.4, 0, 0, 0.1, 2),
('prettiest', 0, 0, 0, 0, 0.2, 0.4, 0, 0, 0.1, 2),
('pretty', 0, 0, 0, 0, 0.2, 0.4, 0, 0, 0.1, 2),
('proud', 0, 0, 0, 0, 0.2, 0.6, 0, 0, 0.2, 2),
('prouder', 0, 0, 0, 0, 0.28, 0.6, 0, 0, 0.28, 2),
('proudest', 0, 0, 0, 0, 0.36, 1.08, 0, 0, 0.36, 2),
('proudly', 0, 0, 0, 0, 0.2, 0.6, 0, 0, 0.2, 4),
('punish', 0, 0, 0, 0.3, 0, 0, 0.8, 0, 0, 3),
('punished', 0, 0, 0, 0.3, 0, 0, 0.8, 0, 0, 2),
('punishing', 0, 0, 0, 0.3, 0, 0, 0.8, 0, 0, 2),
('punishingly', 0, 0, 0, 0.3, 0, 0, 0.8, 0, 0, 4),
('refusal', 0, 0, 0, 0, 0, 0, 0.4, 0, 0, 2),
('refuse', 0, 0, 0, 0, 0, 0, 0.4, 0, 0, 2),
('regret', 0, 0, 0.1, 0, 0, 0, 0.9, 0, 0, 1),
('regretful', 0, 0, 0.1, 0, 0, 0, 0.9, 0, 0, 2),
('regretfully', 0, 0, 0.1, 0, 0, 0, 0.9, 0, 0, 4),
('reject', 0, 0, 0, 0.4, 0, 0, 0.6, 0, 0, 3),
('rejected', 0, 0, 0, 0.4, 0, 0, 0.6, 0, 0, 2),
('rejoice', 0, 0, 0, 0, 0.5, 0.8, 0, 0, 0.1, 3),
('rejoicing', 0, 0, 0, 0, 0.5, 0.8, 0, 0, 0.1, 1),
('relaxation', 0, 0, 0, 0, 0.1, 0.6, 0, 0, 0, 1),
('remorse', 0, 0, 0, 0.8, 0, 0, 0.8, 0, 0, 1),
('remorseful', 0, 0, 0, 0.8, 0, 0, 0.8, 0, 0, 2),
('remorsefully', 0, 0, 0, 0.8, 0, 0, 0.8, 0, 0, 4),
('repulsion', 0.1, 0.5, 0, 0, 0, 0, 0.7, 0, 0, 1),
('repulsive', 0.1, 0.5, 0, 0, 0, 0, 0.7, 0, 0, 2),
('resent', 0.5, 0.2, 0.4, 0, 0, 0, 0.4, 0, 0, 3),
('resentful', 0.5, 0.2, 0.4, 0, 0, 0, 0.4, 0, 0, 2),
('resentfully', 0.5, 0.2, 0.4, 0, 0, 0, 0.4, 0, 0, 4),
('resentfulness', 0.5, 0.2, 0.4, 0, 0, 0, 0.4, 0, 0, 1),
('resentment', 0.4, 0.2, 0.4, 0, 0, 0, 0.4, 0, 0, 1),
('responsibility', 0, 0.1, 0, 0.4, 0, 0, 0.2, 0, 0, 1),
('responsible', 0, 0.1, 0, 0.4, 0, 0, 0.2, 0, 0, 2),
('revolt', 0.1, 0.5, 0, 0, 0, 0, 0.7, 0, 0, 3),
('revolting', 0.1, 0.5, 0, 0, 0, 0, 0.7, 0, 0, 2),
('revoltingly', 0.1, 0.5, 0, 0, 0, 0, 0.7, 0, 0, 4),
('revulsion', 0.1, 0.5, 0, 0, 0, 0, 0.7, 0, 0, 1),
('risk', 0, 0, 0.7, 0, 0, 0, 0.4, 0, 0, 1),
('riskier', 0, 0, 0.98, 0, 0, 0, 0.56, 0, 0, 2),
('riskiest', 0, 0, 1.26, 0, 0, 0, 0.72, 0, 0, 2),
('riskily', 0, 0, 0.7, 0, 0, 0, 0.4, 0, 0, 4),
('risky', 0, 0, 0.7, 0, 0, 0, 0.4, 0, 0, 2),
('rude', 0.3, 0, 0, 0, 0, 0, 0.7, 0, 0, 2),
('sad', 0, 0, 0, 0, 0, 0, 1, 0, 0, 2),
('sader', 0, 0, 0, 0, 0, 0, 1.4, 0, 0, 2),
('sadest', 0, 0, 0, 0, 0, 0, 1.8, 0, 0, 2),
('sadly', 0, 0, 0, 0, 0, 0, 1, 0, 0, 4),
('sadness', 0, 0, 0, 0, 0, 0, 1, 0, 0, 1),
('satisfaction', 0, 0, 0, 0, 0.1, 0.6, 0, 0, 0.1, 1),
('satisfied', 0, 0, 0, 0, 0.2, 0.6, 0, 0, 0.2, 2),
('scare', 0, 0, 1, 0, 0, 0, 0.2, 0, 0, 3),
('shame', 0.1, 0.2, 0, 0.3, 0, 0, 0.7, 1, 0, 1),
('shamed', 0, 0, 0, 0, 0, 0, 0, 1, 0, 1),
('shamefaced', 0.1, 0.2, 0, 0.3, 0, 0, 0.7, 1, 0, 2),
('shamefacedly', 0.1, 0.2, 0, 0.3, 0, 0, 0.7, 1, 0, 4),
('shameful', 0, 0, 0, 0, 0, 0, 0, 1, 0, 2),
('shamefully', 0.1, 0.2, 0, 0.3, 0, 0, 0.7, 1, 0, 4),
('shamefulness', 0.1, 0.2, 0, 0.3, 0, 0, 0.7, 1, 0, 1),
('shameless', 0.4, 0.7, 0, 0, 0, 0, 0, 0, 0, 2),
('shock', 0, 0, 0.1, 0, 0, 0, 0.6, 0, 0.5, 1),
('shy', 0, 0.2, 0, 0.4, 0, 0, 0.7, 1, 0, 2),
('shyer', 0, 0.28, 0, 0.56, 0, 0, 0.98, 1, 0, 2),
('shyest', 0, 0.36, 0, 0.72, 0, 0, 1.26, 1.8, 0, 2),
('shyly', 0, 0.2, 0, 0.4, 0, 0, 0.7, 1, 0, 4),
('sick', 0, 0.1, 0, 0, 0, 0, 0.9, 0, 0, 2),
('sicken', 0.3, 0.5, 0, 0, 0, 0, 0.7, 0, 0, 3),
('sickening', 0.3, 0.5, 0, 0, 0, 0, 0.7, 0, 0, 2),
('sickeningly', 0.3, 0.5, 0, 0, 0, 0, 0.7, 0, 0, 4),
('sorrow', 0, 0, 0, 0, 0, 0, 1, 0, 0, 1),
('sorrowful', 0, 0, 0, 0, 0, 0, 0.8, 0, 0, 2),
('sorrowfully', 0, 0, 0, 0, 0, 0, 0.8, 0, 0, 4),
('sorry', 0, 0, 0, 0, 0, 0, 0.8, 0, 0, 2),
('sparkle', 0, 0, 0, 0, 0.2, 0.7, 0, 0, 0.2, 3),
('sparkling', 0, 0, 0, 0, 0.2, 0.7, 0, 0, 0.2, 2),
('startling', 0, 0, 0, 0, 0, 0, 0.4, 0, 0.7, 2),
('startlingly', 0, 0, 0, 0, 0, 0, 0.4, 0, 0.7, 4),
('stress', 0, 0, 0, 0, 0, 0, 0.5, 0, 0, 2),
('stressed', 0, 0, 0, 0, 0, 0, 0.5, 0, 0, 2),
('stressful', 0.2, 0.2, 0, 0, 0, 0, 0.7, 0, 0, 2),
('stressfully', 0.2, 0.2, 0, 0, 0, 0, 0.7, 0, 0, 4),
('superb', 0, 0, 0, 0, 0.3, 0.8, 0, 0, 0.6, 2),
('superbly', 0, 0, 0, 0, 0.4, 0.8, 0, 0, 0.6, 4),
('surprise', 0, 0, 0, 0, 0.5, 0.5, 0, 0, 1, 1),
('surprised', 0, 0, 0, 0, 0.5, 0.5, 0, 0, 1, 2),
('surprising', 0, 0, 0, 0, 0.5, 0.5, 0, 0, 1, 2),
('surprisingly', 0, 0, 0, 0, 0.5, 0.5, 0, 0, 1, 4),
('sweet', 0, 0, 0, 0, 0.2, 0.7, 0, 0, 0.1, 2),
('sympathy', 0, 0, 0, 0, 0, 0, 0.2, 0, 0, 2),
('tear', 0, 0, 0, 0, 0, 0, 0.4, 0, 0, 2),
('tense', 0, 0, 0, 0, 0, 0, 0.6, 0, 0, 3),
('tensed', 0, 0, 0, 0, 0, 0, 0.6, 0, 0, 2),
('tensely', 0, 0, 0, 0, 0, 0, 0.6, 0, 0, 4),
('terrible', 0, 0, 0.8, 0, 0, 0, 0.2, 0, 0, 2),
('terribly', 0, 0, 0.8, 0, 0, 0, 0.2, 0, 0, 4),
('terrific', 0, 0, 0, 0, 0.2, 0.8, 0, 0, 0.1, 2),
('terrifically', 0, 0, 0, 0, 0.2, 0.8, 0, 0, 0.1, 4),
('terror', 0, 0, 0.6, 0, 0, 0, 0.1, 0, 0, 1),
('thank', 0, 0, 0, 0, 0.2, 0.6, 0, 0, 0.2, 3),
('thankful', 0, 0, 0, 0, 0.2, 0.6, 0, 0, 0.2, 2),
('thankfully', 0, 0, 0, 0, 0.2, 0.6, 0, 0, 0.2, 4),
('threat', 0, 0, 0.6, 0, 0, 0, 0.2, 0, 0, 1),
('threaten', 0, 0, 0.6, 0, 0, 0, 0.2, 0, 0, 3),
('threatening', 0, 0, 0.8, 0, 0, 0, 0.2, 0, 0, 2),
('threateningly', 0, 0, 0.8, 0, 0, 0, 0.2, 0, 0, 4),
('tragedy', 0, 0, 0, 0, 0, 0, 0.8, 0, 0, 1),
('tragic', 0, 0, 0, 0, 0, 0, 0.6, 0, 0, 2),
('tragically', 0, 0, 0, 0, 0, 0, 0.6, 0, 0, 4),
('tragicomic', 0, 0, 0, 0, 0.2, 0.5, 0.5, 0, 0, 1),
('trapped', 0, 0, 0.3, 0, 0, 0, 0.6, 0, 0, 2),
('tremendous', 0, 0, 0, 0, 0.4, 0.8, 0, 0, 0.5, 2),
('tremendously', 0, 0, 0, 0, 0.4, 0.8, 0, 0, 0.5, 4),
('trouble', 0, 0, 0, 0, 0, 0, 0.6, 0, 0, 3),
('troubled', 0, 0, 0, 0, 0, 0, 0.6, 0, 0, 2),
('troubling', 0, 0, 0, 0, 0, 0, 0.6, 0, 0, 2),
('troublingly', 0, 0, 0, 0, 0, 0, 0.6, 0, 0, 4),
('trust', 0, 0, 0, 0, 0, 0.2, 0, 0, 0, 3),
('ugly', 0, 0, 0, 0, 0, 0, 0.2, 0, 0, 2),
('unbelievable', 0, 0, 0, 0, 0, 0, 0, 0, 0.8, 2),
('unbelievably', 0, 0, 0, 0, 0, 0, 0, 0, 0.8, 4),
('uncomfortable', 0.1, 0.2, 0, 0.1, 0, 0, 0, 0.6, 0, 2),
('uncomfortably', 0.1, 0.2, 0, 0.1, 0, 0, 0, 0.6, 0, 4),
('uneasily', 0, 0.4, 0, 0, 0, 0, 0.5, 0.1, 0, 4),
('uneasy', 0, 0.4, 0, 0, 0, 0, 0.5, 0.1, 0, 2),
('unexpected', 0, 0, 0, 0, 0, 0, 0, 0, 0.8, 2),
('unexpectedly', 0, 0, 0, 0, 0, 0, 0, 0, 0.8, 4),
('unforeseen', 0, 0, 0, 0, 0, 0, 0, 0, 0.5, 2),
('unfortunate', 0, 0, 0, 0, 0, 0, 0.8, 0, 0, 2),
('unfortunately', 0, 0, 0, 0, 0, 0, 0.8, 0, 0, 4),
('unhappier', 0, 0, 0, 0, 0, 0, 0.8, 0, 0, 2),
('unhappiest', 0, 0, 0, 0, 0, 0, 1.44, 0, 0, 2),
('unhappily', 0, 0, 0, 0, 0, 0, 0.8, 0, 0, 4),
('unhappiness', 0, 0, 0, 0, 0, 0, 0.8, 0, 0, 1),
('unhappy', 0, 0, 0, 0, 0, 0, 0.8, 0, 0, 2),
('upset', 0, 0, 0, 0, 0, 0, 0.7, 0, 0, 2),
('vexation', 0.8, 0.4, 0.7, 0, 0, 0, 0.2, 0, 0, 1),
('vexatious', 0.8, 0.2, 0, 0, 0, 0, 0, 0, 0, 2),
('vexatiously', 0.8, 0.2, 0, 0, 0, 0, 0, 0, 0, 4),
('well-being', 0, 0, 0, 0, 0.3, 0.5, 0, 0, 0, 2),
('winking', 0, 0, 0, 0, 0.1, 0.3, 0, 0, 0, 2),
('wired', 0, 0.2, 0.1, 0, 0, 0, 0, 0, 0.2, 2),
('wistful', 0, 0, 0, 0, 0, 0, 0.7, 0, 0, 2),
('wistfully', 0, 0, 0, 0, 0, 0, 0.7, 0, 0, 4),
('wistfulness', 0, 0, 0, 0, 0, 0, 0.7, 0, 0, 1),
('wonder', 0, 0, 0, 0, 0.5, 0.6, 0, 0, 0.8, 1),
('wonderful', 0, 0, 0, 0, 0.5, 0.6, 0, 0, 0.8, 2),
('wonderfully', 0, 0, 0, 0, 0.5, 0.6, 0, 0, 0.8, 4),
('wondrous', 0, 0, 0, 0, 0.3, 0.8, 0, 0, 0.8, 2),
('worried', 0, 0, 0.4, 0, 0, 0, 0.5, 0, 0, 2),
('worriedly', 0, 0, 0.4, 0, 0, 0, 0.5, 0, 0, 4),
('worry', 0, 0, 0.8, 0, 0, 0, 0.2, 0, 0, 3),
('worse', 0, 0, 0, 0, 0, 0, 0.9, 0, 0, 2),
('worst', 0, 0, 0, 0, 0, 0, 0.9, 0, 0, 2),
('wound', 0, 0, 0, 0, 0, 0, 0.6, 0, 0, 3),
('wounded', 0, 0, 0, 0, 0, 0, 0.6, 0, 0, 2),
('wrecked', 0, 0, 0, 0, 0, 0, 0.6, 0, 0, 2),
('wrong', 0.3, 0.4, 0, 0.5, 0, 0, 0.3, 0.4, 0, 1),
('wrongful', 0.3, 0.4, 0, 0.5, 0, 0, 0.3, 0.4, 0, 2),
('wrongfully', 0.3, 0.4, 0, 0.5, 0, 0, 0.3, 0.4, 0, 4),
('wrongly', 0.3, 0.4, 0, 0.5, 0, 0, 0.3, 0.4, 0, 4);

--
-- Indexes for dumped tables
--

--
-- Indexes for table `abbreviation`
--
ALTER TABLE `abbreviation`
 ADD PRIMARY KEY (`abbreviation`), ADD KEY `emotion_id` (`abbreviation_type`);

--
-- Indexes for table `coefficient`
--
ALTER TABLE `coefficient`
 ADD PRIMARY KEY (`coefficient`);

--
-- Indexes for table `emo`
--
ALTER TABLE `emo`
 ADD PRIMARY KEY (`emo`), ADD KEY `emotion_id` (`emo_type`);

--
-- Indexes for table `emotion_type`
--
ALTER TABLE `emotion_type`
 ADD PRIMARY KEY (`emotion_id`);

--
-- Indexes for table `pos_table`
--
ALTER TABLE `pos_table`
 ADD PRIMARY KEY (`pos_id`);

--
-- Indexes for table `word`
--
ALTER TABLE `word`
 ADD PRIMARY KEY (`word`), ADD KEY `pos_id` (`pos_id`);

--
-- Constraints for dumped tables
--

--
-- Constraints for table `abbreviation`
--
ALTER TABLE `abbreviation`
ADD CONSTRAINT `abbreviation_ibfk_1` FOREIGN KEY (`abbreviation_type`) REFERENCES `emotion_type` (`emotion_id`);

--
-- Constraints for table `emo`
--
ALTER TABLE `emo`
ADD CONSTRAINT `emo_ibfk_1` FOREIGN KEY (`emo_type`) REFERENCES `emotion_type` (`emotion_id`);

--
-- Constraints for table `word`
--
ALTER TABLE `word`
ADD CONSTRAINT `word_ibfk_1` FOREIGN KEY (`pos_id`) REFERENCES `pos_table` (`pos_id`);

/*!40101 SET CHARACTER_SET_CLIENT=@OLD_CHARACTER_SET_CLIENT */;
/*!40101 SET CHARACTER_SET_RESULTS=@OLD_CHARACTER_SET_RESULTS */;
/*!40101 SET COLLATION_CONNECTION=@OLD_COLLATION_CONNECTION */;
